Peg,dog,6
Aloise,dog,10
Paule,dog,11
Heindrick,dog,6
Nicol,dog,5
Sharai,dog,6
Hort,cat,7
Jorry,dog,10
Cris,cat,14
Frants,dog,4
Orin,dog,7
Perceval,cat,6
Cordi,dog,1
Gwenny,cat,11
Wilie,dog,5
Karleen,cat,11
Sheila,cat,10
Stanislaw,dog,11
Marmaduke,cat,8
Gwenette,dog,10
Bogey,dog,7
Huntley,dog,13
Monroe,dog,7
Aloin,dog,9
Morganne,dog,13
Matthus,cat,13
Kial,dog,4
Chen,cat,4
Roseann,dog,14
Pierrette,dog,14
Paulette,cat,8
Kelcy,dog,12
Gerri,dog,11
Daniel,cat,7
Preston,cat,2
Dorothea,dog,9
Licha,cat,4
Gene,cat,1
Cicily,cat,9
Franny,dog,7
Fairlie,dog,13
Sharlene,dog,11
Giuseppe,celing goblin,2
Mira,dog,5
Chan,dog,9
Helyn,cat,8
Harriett,cat,11
Avril,dog,2
Marjie,cat,12
Sadye,dog,9
Byran,dog,11
Clark,dog,2
Dinnie,cat,8
Fiann,dog,6
Danie,cat,13
Will,cat,5
Goldie,cat,12
Denys,dog,5
Almeta,dog,3
Austine,cat,4
Cookie,dog,2
Rudy,cat,8
Jeremy,dog,7
Liza,cat,13
Sheffield,cat,3
Pauly,cat,9
Yancy,cat,8
Jacky,dog,4
Corrie,dog,5
Chrissie,cat,14
Glori,cat,1
Lu,dog,1
Eugenie,dog,3
Gianina,cat,2
Andrej,cat,14
Edeline,dog,1
Noell,cat,13
Imogene,dog,13
Lazarus,dog,11
Filippo,dog,6
Coretta,cat,9
Belicia,dog,12
Martha,cat,10
Dorey,dog,8
Terri-jo,dog,12
Zebedee,dog,9
Becka,dog,3
Ursa,cat,4
Sheila-kathryn,cat,8
Bondon,cat,12
Cesaro,cat,4
Yoshi,cat,2
Kailey,cat,9
Brooke,dog,1
Alfonso,cat,8
Morganica,dog,10
Cyrillus,dog,1
Shelley,cat,2
Camella,dog,10
Cale,dog,9
Shalne,cat,6
Dougie,dog,5
Howard,dog,4
Wrennie,cat,3
Aurelia,dog,13
Verna,cat,5
Mavis,cat,3
Arlen,cat,6
Wilton,dog,2
Fiann,cat,10
Giraud,cat,12
Leonardo,dog,1
Harp,dog,12
Frankie,dog,2
Billie,cat,11
Alberta,cat,11
Adelaida,cat,1
Dee dee,dog,6
Sioux,dog,10
Carmel,cat,9
